Clients,Execution
10,30.03717
20,61.22430
30,89.93689
40,120.21243
50,151.24222
60,180.65150
70,210.52111
80,242.34575
90,267.95691
100,301.04635